Rank,Name,City,Country,Region,Manufacturer,Segment,OS,Cores,Memory,Rmax,Rpeak,Power
1,National Supercomputing Center in Wuxi,Wuxi,China,Asia,NRCPC,Research,Other,10649600,1310720,93014.6,125435.9,15371
2,National Super Computer Center in Guangzhou,Guangzhou,China,Asia,NUDT,Research,Other,3120000,1024000,33862.7,54902.4,17808
3,Swiss National Supercomputing Centre (CSCS),Lugano,Switzerland,Europe,Cray Inc.,Research,Cray Linux Environment,361760,340480,19590,25326.3,2271.99
4,DOE/SC/Oak Ridge National Laboratory,Oak Ridge,US,North America,Cray Inc.,Research,Cray Linux Environment,560640,710144,17590,27112.5,8209
5,DOE/NNSA/LLNL,Livermore,US,North America,IBM,Research,Linux,1572864,1572864,17173.2,20132.7,7890
6,DOE/SC/LBNL/NERSC,Berkeley,US,North America,Cray Inc.,Research,Cray Linux Environment,622336,878592,14014.7,27880.7,3939
7,Joint Center for Advanced High Performance Computing,Kashiwa,Japan,Asia,Fujitsu,Academic,Linux,556104,919296,13554.6,24913.5,2718.7
8,RIKEN Advanced Institute for Computational Science (AICS),Kobe,Japan,Asia,Fujitsu,Research,Linux,705024,1410048,10510,11280.4,12659.89
9,DOE/SC/Argonne National Laboratory,Argonne,US,North America,IBM,Research,Linux,786432,NULL,8586.6,10066.3,3945
10,DOE/NNSA/LANL/SNL,Los Alamos,US,North America,Cray Inc.,Research,Cray Linux Environment,301056,NULL,8100.9,11078.9,4232.63
11,United Kingdom Meteorological Office,Exeter,UK,Europe,Cray Inc.,Research,Cray Linux Environment,241920,430080,7038.9,8128.5,3628.8
12,Texas Advanced Computing Center/Univ. of Texas,Austin,US,North America,Dell,Academic,CentOS,285600,403200,6807.1,12794.9,1890
13,Barcelona Supercomputing Center,Barcelona,Spain,Europe,Lenovo,Academic,Other,148176,331776,6227.2,9957.4,1380
14,CINECA,Bologna,Italy,Europe,Lenovo,Academic,Linux,241808,455168,6223,10833,1600.2
15,NASA/Ames Research Center/NAS,Mountain View,US,North America,HPE,Research,SUSE Linux Enterprise Server,241108,917344,5951.6,7107.1,4407
16,DOE/SC/Argonne National Laboratory,Argonne,US,North America,Cray Inc.,Research,Cray Linux Environment,231424,NULL,5884.6,9627.2,1087
17,HLRS,Stuttgart,Germany,Europe,Cray Inc.,Research,Cray Linux Environment,185088,NULL,5640.2,7403.5,3615
18,King Abdullah University of Science and Technology,Jeddah,Saudi Arabia,Asia,Cray Inc.,Academic,Cray Linux Environment,196608,NULL,5537,7235.2,2834
19,Total Exploration Production,Pau,France,Europe,HPE,Industry,SUSE Linux Enterprise Server,220800,54000,5283.1,6712.3,4150
20,Texas Advanced Computing Center/Univ. of Texas,Austin,US,North America,Dell,Academic,Linux,522080,204800,5168.1,9598.2,4510
21,Forschungszentrum Juelich (FZJ),Juelich,Germany,Europe,IBM,Research,Linux,458752,458752,5008.9,5872,2301
22,National Center for Atmospheric Research (NCAR),Boulder,US,North America,HPE,Research,SUSE Linux Enterprise Server,144900,202752,4788.2,5332.3,1727
23,DOE/NNSA/LLNL,Livermore,US,North America,IBM,Research,Linux,393216,393216,4293.3,5033.2,1972
24,Petroleum Geo-Services,Houston,US,North America,Cray Inc.,Industry,Cray Linux Environment,145920,583680,4042.5,5369.9,1800
25,ECMWF,Reading,UK,Europe,Cray Inc.,Research,Cray Linux Environment,126468,NULL,3944.7,4249.3,1897.02
26,ECMWF,Reading,UK,Europe,Cray Inc.,Research,Cray Linux Environment,126468,NULL,3944.7,4249.3,1897.02
27,Government,,US,North America,Cray Inc.,Government,Linux,72800,NULL,3577,6131.8,1498.9
28,Government,,US,North America,Cray Inc.,Government,Linux,72800,NULL,3577,6131.8,1498.9
29,ERDC DSRC,Vicksburg,US,North America,Cray Inc.,Research,Cray Linux Environment,160304,NULL,3409.6,5865.5,1174.1
30,ERDC DSRC,Vicksburg,US,North America,HPE,Research,SUSE Linux Enterprise Server,124200,441600,3318.9,4570.6,2001
31,Facebook,Santa Clara,US,North America,Facebook,Industry,Ubuntu Linux,60512,63488,3307,4896.5,349.5
32,NVIDIA Corporation,,US,North America,Nvidia,Industry,Ubuntu Linux,60512,63488,3307,4896.5,349.5
33,Exploration & Production - Eni S.p.A.,,Italy,Europe,IBM,Industry,Linux,72000,NULL,3188,4605,1227
34,Japan Aerospace eXploration Agency,Tokyo,Japan,Asia,Fujitsu,Research,Linux,110160,103680,3157,3481.1,1652.4
35,Government,,US,North America,Cray Inc.,Government,Cray Linux Environment,225984,NULL,3143.5,4881.3,6327.55
36,Air Force Research Laboratory,Wright-Patterson AFB,US,North America,HPE,Government,SUSE Linux Enterprise Server,152692,447000,3126.2,5610.5,2460.04
37,Academic Center for Computing and Media Studies (ACCMS)-Kyoto University,Kyoto,Japan,Asia,Cray Inc.,Academic,Cray Linux Environment,122400,115200,3057.3,5483.5,748.1
38,DKRZ - Deutsches Klimarechenzentrum,Hamburg,Germany,Europe,Bull,Research,Bullx Linux,99072,191232,3010.7,3962.9,1116
39,Information Technology Center- Nagoya University,Nagoya,Japan,Asia,Fujitsu,Academic,Linux,92160,92160,2910,3244,1382.4
40,Leibniz Rechenzentrum,Muenchen,Germany,Europe,IBM/Lenovo,Academic,Linux,147456,NULL,2897,3185.1,3422.67
41,Leibniz Rechenzentrum,Muenchen,Germany,Europe,Lenovo/IBM,Academic,Linux,86016,196608,2813.6,3578.3,1480.83
42,United Kingdom Meteorological Office,Exeter,UK,Europe,Cray Inc.,Research,Cray Linux Environment,89856,NULL,2801.8,3019.2,1347.84
43,United Kingdom Meteorological Office,Exeter,UK,Europe,Cray Inc.,Research,Cray Linux Environment,89856,NULL,2801.8,3019.2,1347.84
44,GSIC Center- Tokyo Institute of Technology,Tokyo,Japan,Asia,NEC/HPE,Academic,SUSE Linux Enterprise Server,74358,74358,2843,5609.4,1398.61
45,Lawrence Livermore National Laboratory,Livermore,US,North America,Penguin Computing,Research,TOSS,95472,344064,2632.5,3207.9,13620
46,Lawrence Livermore National Laboratory,Livermore,US,North America,Penguin Computing,Research,TOSS,95472,344064,2632.5,3207.9,13620
47,Energy Company (A),,Italy,Europe,Lenovo,Industry,Linux,66000,96000,2592,3798.6,1650
48,National Supercomputing Center in Tianjin,Tianjin,China,Asia,NUDT,Research,Linux,186368,229376,2566,4701,4040
49,DOE/SC/Pacific Northwest National Laboratory,Richland,US,North America,Atipa,Research,Linux,194616,184320,2539.1,3388,1384
50,Grand Equipement National de Calcul Intensif - Centre Informatique National de l'Enseignement Suprieur (GENCI-CINES),,France,Europe,Bull,Academic,bullx SCS,85824,215424,2494.7,3570.3,1430
51,Army Research Laboratory DoD Supercomputing Resource Center (ARL DSRC),,US,North America,Cray Inc.,Government,Cray Linux Environment,100064,NULL,2485,3682.4,1465.78
52,US Army Research Laboratory (ARL),Aberdeen,US,North America,HPE,Research,RHEL,73920,NULL,2443.7,2602,835
53,Korea Meteorological Administration,Seoul,South Korea,Asia,Cray Inc.,Research,Cray Linux Environment,69600,NULL,2395.7,2895.4,1359.38
54,Korea Meteorological Administration,Seoul,South Korea,Asia,Cray Inc.,Research,Cray Linux Environment,69600,NULL,2395.7,2895.4,1359.38
55,National Institute for Fusion Science (NIFS),Toki,Japan,Asia,Fujitsu,Research,Linux,82944,82944,2376,2621,1244.16
56,Saudi Aramco,Dharan,Saudi Arabia,Asia,Dell,Industry,RHEL,76032,NULL,2249.7,3041.3,1134
57,Meteo France,Toulouse,France,Europe,Bull,Research,bullx SCS,72000,115200,2168,2534.4,830.4
58,Meteo France,Toulouse,France,Europe,Bull,Research,bullx SCS,73440,117504,2157.4,2585.1,830.2
59,Moscow State University - Research Computing Center,Moscow,Russia,Asia,T-Platforms,Academic,Linux,42688,94208,2102,2962.3,1079
60,LvLiang Cloud Computing Center,LvLiang,China,Asia,NUDT,Industry,Other,174720,57344,2071.4,3074.5,997
61,GSIC Center- Tokyo Institute of Technology,Tokyo,Japan,Asia,HPE,Academic,SUSE Linux Enterprise Server,36288,36864,1998,3207.6,141.6
62,Japan Atomic Energy Agency (JAEA),Tokaimura,Japan,Asia,HPE,Research,SUSE Linux Enterprise Server,60240,160640,1929.4,2409.6,1204.8
63,Commissariat a l'Energie Atomique (CEA),Bruyeres-le-Chatel,France,Europe,Bull,Research,Bullx Linux,70272,281088,1871,2586,1042
64,CINECA,Bologna,Italy,Europe,IBM,Academic,Linux,163840,NULL,1788.9,2097.2,821.88
65,BASF,Ludwigshafen,Germany,Europe,HPE,Industry,Linux,35280,NULL,1750.2,2709.5,1168.65
66,CINECA,Bologna,Italy,Europe,Lenovo,Academic,Linux,54432,NULL,1723.9,2003.1,1360.8
67,Internet Service A,Hangzhou,China,Asia,Inspur,Industry,CentOS,39680,19840,1714,3149.6,967.2
68,Government,,US,North America,HPE,Government,Linux,57600,NULL,1703.3,2304,2880
69,Japan Agency for Marine -Earth Science and Technology,Yokohama,Japan,Asia,ExaScalar,Research,CentOS,3176000,108800,1677.1,3207.7,164
70,National Computational Infrastructure National Facility (NCI-NF),Canberra,Australia,Oceania,Fujitsu / Lenovo / Xenon,Academic,CentOS,87224,327328,1676.2,1875,2016
71,Cyfronet,Cracow,Poland,Europe,HPE,Academic,Linux,55728,NULL,1670.1,2348.6,807.6
72,DOE/SC/LBNL/NERSC,Berkeley,US,North America,Cray Inc.,Research,Cray Linux Environment,133824,356864,1654.7,2569.4,3747.07
73,EPSRC/University of Edinburgh,Edinburgh,UK,Europe,Cray Inc.,Research,Cray Linux Environment,118080,NULL,1642.5,2550.5,3306.24
74,NOAA,Boulder,US,North America,Cray Inc.,Research,Cray Linux Environment,48960,NULL,1635,2036.7,956.25
75,NOAA,Boulder,US,North America,Cray Inc.,Research,Cray Linux Environment,48960,NULL,1635,2036.7,956.25
76,IBM Development Engineering,,US,North America,IBM,Vendor,Linux,62944,NULL,1587,1931.6,3575.63
77,Los Alamos National Laboratory,Los Alamos,US,North America,Penguin Computing,Research,TOSS,53352,189696,1524.7,1792.6,603.4
78,IT4Innovations National Supercomputing Center- VSB-Technical University of Ostrava,Ostrava,Czech Republic,Europe,HPE,Academic,CentOS,76896,129024,1457.7,2011.6,1537.92
79,Science and Technology Facilities Council - Daresbury Laboratory,Warrington,UK,Europe,IBM,Research,Linux,131072,131072,1431.1,1677.7,657
80,Forschungszentrum Juelich (FZJ),Juelich,Germany,Europe,T-Platforms,Research,CentOS,49476,287744,1424.7,1693.4,828.55
81,Air Force Research Laboratory,Wright-Patterson AFB,US,North America,HPE,Government,RHEL,73584,144000,1415.5,1530.5,1606
82,Swiss National Supercomputing Centre (CSCS),Lugano,Switzerland,Europe,Cray Inc.,Research,Cray Linux Environment,44928,159744,1410.7,1509.6,519
83,KTH - Royal Institute of Technology,Stockholm,Sweden,Europe,Cray Inc.,Academic,Cray Linux Environment,53632,NULL,1397,1973.7,785.62
84,Atos,Angers,France,Europe,Bull,Vendor,bullx SCS,49896,88704,1363.5,1676.5,543
85,CEA/TGCC-GENCI,Bruyeres-le-Chatel,France,Europe,Bull,Research,Other,77184,308736,1359,1667.2,2132
86,Simon Fraser University/Compute Canada,Burnaby,Canada,North America,Dell,Academic,CentOS,59776,114688,1337,3710.5,167
87,Commissariat a l'Energie Atomique (CEA)/CCRT,Bruyeres-le-Chatel,France,Europe,Bull,Research,bullx SCS,38528,182016,1299.5,1479.5,539
88,Navy DSRC,,US,North America,Cray Inc.,Government,Cray Linux Environment,61256,NULL,1285.6,2049.6,2323.71
89,Navy DSRC,,US,North America,Cray Inc.,Government,Cray Linux Environment,61256,NULL,1285.6,2049.6,2323.71
90,Max-Planck-Gesellschaft MPI/IPP,Garching,Germany,Europe,Lenovo/IBM,Research,Linux,65320,NULL,1283.3,1463.2,1260
91,National Supercomputing Centre in Shenzhen (NSCS),ShenZhen,China,Asia,Sugon,Research,Linux,120640,NULL,1271,2984.3,2580
92,National Center for Atmospheric Research (NCAR),Boulder,US,North America,IBM,Research,Linux,72288,NULL,1257.6,1503.6,1436.72
93,CSC (Center for Scientific Computing),Espoo,Finland,Europe,Cray Inc.,Academic,Cray Linux Environment,40608,NULL,1250,1689.3,680
94,International Fusion Energy Research Centre (IFERC),Rokkasho,Japan,Asia,Bull,Academic,Other,70560,282240,1237,1524.1,2200
95,SHARCNET - University of Waterloo,Waterloo,Canada,North America,Huawei,Academic,CentOS,51200,133120,1228,2641.4,546.04
96,Atos,Angers,France,Europe,Bull,Vendor,bullx SCS,46800,74880,1225.3,1647.4,472
97,Sandia National Laboratories,Albuquerque,US,North America,Penguin Computing,Research,TOSS,40392,143616,1223.7,1357.2,480
98,Sandia National Laboratories,Albuquerque,US,North America,Penguin Computing,Research,TOSS,40392,143616,1223.7,1357.2,480
99,Deutscher Wetterdienst,Offenbach,Germany,Europe,Cray Inc.,Research,Cray Linux Environment,41472,NULL,1214.2,1459.8,528.2
100,University of Cambridge,Cambridge,UK,Europe,Dell,Academic,Scientific Linux,21240,8640,1193,1751.6,114.4
101,Lawrence Livermore National Laboratory,Livermore,US,North America,Penguin Computing,Research,TOSS,39744,141312,1179.6,1335.4,485
102,University of Tokyo/Institute for Solid State Physics,Tokyo,Japan,Asia,HPE,Academic,SUSE Linux Enterprise Server,38016,202752,1178.3,1520.6,580.9
103,ERDC DSRC,Vicksburg,US,North America,Cray Inc.,Research,Linux,150528,301056,1167,1505.3,5569
104,Service Provider T,,China,Asia,Lenovo,Industry,Linux,78000,208000,1149.6,2870.4,2437.5
105,Los Alamos National Laboratory,Los Alamos,US,North America,Penguin Computing,Research,TOSS,39672,141056,1144.8,1333,485.7
106,Los Alamos National Laboratory,Los Alamos,US,North America,Penguin Computing,Research,TOSS,39672,141056,1144.8,1333,485.7
107,DOE/NNSA/LANL/SNL,Los Alamos,US,North America,Cray Inc.,Research,Linux,142272,NULL,1110,1365.8,3980
108,Energy Company (DD),,US,North America,Dell,Industry,CentOS,25920,27648,1106,1748.4,3564
109,Internet Company A,,China,Asia,Lenovo,Industry,Linux,84000,224000,1101.6,3360,2625
110,Internet Company A,,China,Asia,Lenovo,Industry,Linux,84000,224000,1101.6,3360,2625
111,Pawsey Supercomputing Centre, Kensington,Australia,Oceania,Cray Inc.,Research,Cray Linux Environment,35712,NULL,1097.6,1485.6,697.5
112,NASA/Ames Research Center/NAS,Mountain View,US,North America,HPE,Research,SUSE Linux Enterprise Server,32256,147456,1096,1238.6,438.54
113,SURFsara,Amsterdam,Netherlands,Europe,Bull,Academic,bullx SCS,38880,103680,1088.5,1327.1,706
114,IT Service Provider,Phoenix,US,North America,HPE,Industry,Linux,36288,NULL,1085.5,1509.6,972
115,CNRS/IDRIS-GENCI,,France,Europe,IBM,Academic,Linux,98304,98304,1073.3,1258.3,493.12
116,University of Edinburgh,Edinburgh,UK,Europe,IBM,Academic,Linux,98304,NULL,1073.3,1258.3,493.12
117,DOE/SC/Argonne National Laboratory,Argonne,US,North America,Cray Inc.,Research,Cray Linux Environment,46720,NULL,1070.6,1750,346.75
118,Automotive,,US,North America,HPE,Industry,Linux,39744,NULL,1061,1462.6,1324.8
119,Service Provider T,,China,Asia,Lenovo,Industry,Linux,51840,184320,1060.2,1824.8,1080
120,Louisiana Optical Network Initiative,Baton Rouge,US,North America,Dell,Academic,RHEL,23040,30720,1052,1473.6,500
121,US Army Research Laboratory (ARL),Aberdeen,US,North America,HPE,Research,RHEL,33088,NULL,1050.5,1164.7,432.5
122,Commissariat a l'Energie Atomique (CEA),Bruyeres-le-Chatel,France,Europe,Bull,Research,Linux,138368,NULL,1050,1254.5,4590
123,Information Technology Center- The University of Tokyo,Tokyo,Japan,Asia,Fujitsu,Academic,Linux,76800,153600,1043,1135.4,1176.8
124,Internet Service (B),,China,Asia,Lenovo,Industry,Linux,100000,320000,1038.4,3200,3750
125,MIT/Lincoln Laboratory,Cambridge,US,North America,Dell,Academic,CentOS,41472,124416,1032.8,1725.2,291.6
126,TU Dresden,Dresden,Germany,Europe,Bull,Academic,Bullx Linux,34656,93184,1029.9,1386.2,582
127,Centre for High Performance Computing,Cape Town,South Africa,Africa,Dell,Academic,CentOS,32856,175232,1029.3,1366.8,685
128,Research Institute for Information Technology- Kyushu University,Kyushu,Japan,Asia,Hitachi/Fujitsu,Academic,RHEL,222072,435968,1018,1502.2,19431.3
129,Texas Advanced Computing Center/Univ. of Texas,Austin,US,North America,Cray Inc.,Academic,Cray Linux Environment,30048,NULL,1017,1250,586.88
130,Deutscher Wetterdienst,Offenbach,Germany,Europe,Cray Inc.,Research,Cray Linux Environment,34560,NULL,1014,1227.6,448.2
131,PCSS Poznan,Poznan,Poland,Europe,Huawei,Academic,Linux,32984,301568,1013.7,1372.1,549.6
132,Service Provider T,,China,Asia,Lenovo,Industry,Linux,108000,288000,1013.5,3974.4,3375
133,Software Company (M),,US,North America,HPE,Industry,Linux,36720,NULL,1012,1410,1224
134,Software Company (M),,US,North America,HPE,Industry,Linux,36720,NULL,1012,1410,1224
135,Academic Computer Centre in Gdansk,Gda?sk,Poland,Europe, Megatel/ACTION,Academic,Linux,38400,92160,1010.9,1413.1,864
136,National Supercomputing Centre Singapore,Singapore,Singapore,Asia,Fujitsu,Research,CentOS,30912,164864,1010,1285.9,1159.2
137,Advanced Center for Computing and Communication,Wako,Japan,Asia,PEZY Computing / Exascaler Inc.,Research,Linux,1313280,81920,1001,1533.5,149.99
138,NASA/Goddard Space Flight Center,Greenbelt,US,North America,HPE,Research,SUSE Linux Enterprise Server,31248,NULL,1000.5,1299.9,2008.8
139,National Institutes of Health (NIH),,US,North America,HPE,Government,Linux,32032,NULL,991.6,1230,800.8
140,HLRN at ZIB/Konrad Zuse-Zentrum Berlin,Berlin,Germany,Europe,Cray Inc.,Academic,Cray Linux Environment,44928,NULL,991.5,1425.7,877.5
141,Advanced Center for Computing and Communication,Wako,Japan,Asia,Fujitsu,Research,Linux,34560,34560,989.6,1092.1,518.4
142,Meteorological Research Institute,,Japan,Asia,Fujitsu,Research,Linux,34560,34560,989.6,1092.1,518.4
143,Internet Service (B),,China,Asia,Sugon,Industry,CentOS,48000,384000,984.8,1996.8,1710
144,IPE-HPC,Beijing,China,Asia,Sugon,Research,CentOS,24800,25600,981.2,1643.2,840
145,Purdue University,West Lafayette,US,North America,HPE,Academic,Linux,77520,NULL,976.8,1341.1,510
146,Energy Company,,China,Asia,Huawei,Industry,CentOS,34816,81920,974,1906.7,343.64
147,Service Provider T,,China,Asia,Lenovo,Industry,Linux,79520,272640,972.1,2544.6,2130
148,National Institute of Advanced Industrial Science and Technology,Tsukuba,Japan,Asia,NEC,Research,CentOS,23400,12800,961,2148.8,75.78
149,AWE,Aldermaston,UK,Europe,HPE,Research,SUSE Linux Enterprise Server,44520,139000,958.7,997.2,855.1
150,Air Force Research Laboratory,Wright-Patterson AFB,US,North America,Cray Inc.,Government,Cray Linux Environment,56112,NULL,957.6,1212,1571.14
151,Service Provider T,,China,Asia,Lenovo,Industry,Linux,90000,288000,954.7,3744,3375
152,Service Provider T,,China,Asia,Lenovo,Industry,Linux,90000,288000,954.7,3744,3375
153,UNINETT Sigma2 AS,Trondheim,Norway,Europe,Lenovo,Academic,Linux,32192,64384,953.6,1081.7,905.4
154,Service Provider T,,China,Asia,HPE,Industry,Linux,41832,NULL,951.7,1539.4,1394.4
155,Internet Company,Hangzhou,China,Asia,Sugon,Industry,CentOS,50400,537600,946.8,1935.4,1965
156,EDF,Val de reuil,France,Europe,Bull,Industry,Linux,29568,68864,942.8,1135.4,420.87
157,China Manufacture Company B,,China,Asia,Huawei,Industry,CentOS,32768,131072,937.9,1101,416
158,Service Provider T,,China,Asia,Lenovo,Industry,Linux,43200,153600,915.4,1520.6,900
159,Internet Company,Beijing,China,Asia,Sugon,Industry,CentOS,50000,320000,914.8,1840,1235
160,IT Provider (P),,US,North America,HPE,Industry,Linux,28800,38400,914.7,1152,1590
161,Interdisciplinary Centre for Mathematical and Computational Modelling- University of Warsaw,Warsaw,Poland,Europe,Cray Inc.,Academic,Cray Linux Environment,26016,NULL,909.6,1082.3,585.36
162,Shared Services Canada,,Canada,North America,Cray Inc.,Government,Cray Linux Environment,30816,NULL,904.1,1035.4,462.24
163,Shared Services Canada,,Canada,North America,Cray Inc.,Government,Cray Linux Environment,30816,NULL,904.1,1035.4,462.24
164,Moscow State University - Research Computing Center,Moscow,Russia,Asia,T-Platforms,Academic,Linux,78660,99489,901.9,1700.2,2800
165,Supercomputer Education and Research Centre (SERC),,India,Asia,Cray Inc.,Academic,Cray Linux Environment,31104,NULL,901.5,1244.2,607.5
166,Rensselaer Polytechnic Institute,Troy,US,North America,IBM,Academic,Linux,81920,81920,894.4,1048.6,410.9
167,Software Company (M),,US,North America,HPE,Industry,Linux,32400,NULL,893,1244.2,1080
168,Internet Service (S),,China,Asia,Lenovo,Industry,Linux,53200,121600,881,2213.1,1425
169,Internet Company A,,China,Asia,Huawei,Industry,Linux,49600,317440,875.9,1825.3,930
170,Internet Service A,Hangzhou,China,Asia,Inspur,Industry,CentOS,44800,179200,874.1,1792,672
171,Internet Service A,Hangzhou,China,Asia,Inspur,Industry,CentOS,44800,179200,874.1,1792,672
172,Clemson University,Anderson,US,North America,HPE,Academic,Linux,23452,45312,870,1550.5,1123.5
173,Retail,,US,North America,HPE,Industry,Linux,46080,NULL,869.2,1548.3,1908
174,Government,Chongqing,China,Asia,Sugon,Government,CentOS,45600,243200,862.5,1751,1700
175,Volvo Personvagnar AB,,Sweden,Europe,HPE,Industry,Linux,24624,NULL,861.5,1024.4,1231.2
176,Software Company (M),,US,North America,HPE,Industry,Linux,40320,NULL,858.9,1483.8,806.4
177,Software Company (M),,US,North America,HPE,Industry,Linux,40320,NULL,858.9,1483.8,806.4
178,Trading Company,,China,Asia,HPE,Industry,Linux,36800,NULL,856.5,1530.9,1840
179,Services Company (S),,Japan,Asia,HPE,Industry,Linux,37884,NULL,852.8,1454.7,1082.4
180,Government,Jinan,China,Asia,Sugon,Government,CentOS,43200,230400,848.2,1728,756
181,Texas Advanced Computing Center/Univ. of Texas,Austin,US,North America,Dell / Intel,Academic,CentOS,34272,48768,842.9,1535.4,515.46
182,Software Company (M),,US,North America,HPE,Industry,Linux,30528,NULL,841.4,1172.3,1017.6
183,Software Company (M),,US,North America,HPE,Industry,Linux,30528,NULL,841.4,1172.3,1017.6
184,IT Services Provider ,,US,North America,HPE,Industry,Linux,33660,NULL,838.8,1400.3,1346.4
185,Intel,Santa Clara,US,North America,HPE,Industry,Linux,30672,327168,833.9,1226.9,1533.6
186,Software Company (M),,US,North America,HPE,Industry,Linux,30240,NULL,833.5,1161.2,1008
187,Services Company (S),,US,North America,HPE,Industry,Linux,36736,NULL,831.9,1410.7,1049.6
188,Services Company (S),,US,North America,HPE,Industry,Linux,36736,NULL,831.9,1410.7,1049.6
189,HLRN at Universitaet Hannover / RRZN,Hannover,Germany,Europe,Cray Inc.,Academic,Cray Linux Environment,40320,NULL,829.8,1241.4,787.5
190,Internet Company A,,China,Asia,Lenovo,Industry,Linux,37600,75200,827.2,1504,881.25
191,Internet Service (B),,China,Asia,Sugon,Industry,CentOS,48000,256000,822.8,1689.6,988
192,Financial Company (C A1),,China,Asia,Lenovo,Industry,Linux,42496,169984,822.7,1495.9,996
193,Academic Center for Computing and Media Studies (ACCMS)-  Kyoto University,Kyoto,Japan,Asia,Cray Inc.,Academic,Cray Linux Environment,30600,NULL,821.9,1028.2,357.11
194,Software Company (M),,US,North America,HPE,Industry,Linux,38880,NULL,819.2,1493,1296
195,Software Company (M),,US,North America,HPE,Industry,Linux,38880,NULL,819.2,1493,1296
196,Software Company (M),,Ireland,Europe,HPE,Industry,Linux,38784,NULL,819.2,1489.3,1292.8
197,Software Company (M),,Ireland,Europe,HPE,Industry,Linux,36840,NULL,819.2,1414.7,1228
198,Software Company (M),,US,North America,HPE,Industry,Linux,36480,NULL,819.2,1400.8,1216
199,Software Company (M),,US,North America,HPE,Industry,Linux,36048,NULL,819.2,1384.2,1201.6
200,Saudi Aramco,,Saudi Arabia,Asia,HPE,Industry,Linux,40960,-1,816.6,917.5,3072
201,Internet Service A,Hangzhou,China,Asia,Inspur,Industry,CentOS,18432,9216,814.2,1463,449.28
202,Internet Service (B),,China,Asia,Lenovo,Industry,Linux,54800,263040,803.9,2104.3,2055
203,Information Technology Center- The University of Tokyo,Tokyo,Japan,Asia,HPE,Academic,RHEL,17760,NULL,802.4,1417.2,93.57
204,National Astronomical Observatory of Japan,Mitaka,Japan,Asia,Cray Inc.,Academic,Cray Linux Environment,25440,NULL,801.4,1058.3,568.5
205,National Supercomputing Center in Jinan,Jinan,China,Asia,NRCPC,Research,Linux,137200,139264,795.9,1070.2,1074
206,Max-Planck-Gesellschaft MPI/IPP,Garching,Germany,Europe,Lenovo,Research,Linux,28128,65664,790.7,1035.1,791.1
207,Internet Service (B),,China,Asia,Sugon,Industry,CentOS,46000,294400,788.2,1619.2,1076
208,University (A),,China,Asia,Huawei,Academic,CentOS,28160,112640,787.1,946.2,357.5
209,Idaho National Laboratory,Idaho Falls,US,North America,HPE,Research,SUSE Linux Enterprise Server,25056,124416,786.7,969.1,501.12
210,Software Company (M),,US,North America,HPE,Industry,Linux,34560,NULL,785.3,1327.1,1152
211,Software Company (M),,Netherlands,Europe,HPE,Industry,Linux,34560,NULL,785.3,1327.1,1152
212,Software Company (M),,US,North America,HPE,Industry,Linux,34560,NULL,785.3,1327.1,1152
213,Software Company (M),,Netherlands,Europe,HPE,Industry,Linux,34560,NULL,785.3,1327.1,1152
214,Stanford Research Computing Center,Stanford,US,North America,Cray Inc.,Academic,Linux,14820,16640,781.3,1001.7,190
215,Internet Service A,Hangzhou,China,Asia,Inspur,Industry,CentOS,17920,8960,779.2,1422.4,436.8
216,University of Tokyo/Institute for Solid State Physics,Tokyo,Japan,Asia,HPE,Academic,SUSE Linux Enterprise Server,15552,36864,777.4,1100.2,255.3
217,Lawrence Livermore National Laboratory,Livermore,US,North America,Cray Inc.,Research,RHEL,46208,92416,773.7,961.1,924.16
218,National Super Computer Center in Hunan,Changsha,China,Asia,NUDT,Research,Linux,53248,98304,771.7,1342.8,1155.07
219,Qingdao National Laboratory for Marine Science and Technology,Qingdao,China,Asia,Inspur,Research,CentOS,23920,76800,771.3,995.1,162
220,National Institute for Environmental Studies,Tsukuba,Japan,Asia,NSSOL/HPE,Research,CentOS,16320,NULL,770.4,1243.8,78.64
221,Karlsruher Institut für Technologie (KIT) ,Karlsruhe,Germany,Europe,Lenovo,Academic,Linux,22960,73472,768.3,955.1,435
222,AWE,Aldermaston,UK,Europe,HPE,Research,SUSE Linux Enterprise Server,35640,111000,767.5,798.3,684.5
223,Sandia National Laboratories,Albuquerque,US,North America,Penguin Computing,Research,TOSS,25920,94720,761.8,870.9,320
224,Penguin Computing  Inc.,Fremont,US,North America,Penguin Computing,Vendor,TOSS,26496,98304,759.9,778.5,321
225,Service Provider,, South Korea,Asia,HPE,Industry,Linux,30720,NULL,759.6,1032.2,672
226,Retailer (C),,US,North America,HPE,Industry,Linux,36500,NULL,758.6,1284.8,1460
227,Retailer (C),,US,North America,HPE,Industry,Linux,36500,NULL,758.6,1284.8,1460
228,Service Provider,, South Korea,Asia,HPE,Industry,Linux,32760,NULL,757,1258,936
229,Internet Company A,,China,Asia,Lenovo,Industry,Linux,70000,224000,756.9,2240,2625
230,Internet Company A,,China,Asia,Lenovo,Industry,Linux,70000,224000,756.9,2240,2625
231,Internet Company A,,China,Asia,Lenovo,Industry,Linux,70000,224000,756.9,2240,2625
232,Software Company (M),,US,North America,HPE,Industry,Linux,30000,NULL,753.5,1152,1000
233,IT Service Provider,Beijing,China,Asia,Sugon,Industry,CentOS,44000,281600,752.3,1548.8,1029
234,Government Research Center,Nanjing,China,Asia,Sugon,Government,CentOS,38400,204800,752.3,1536,672
235,Internet Service (B),,China,Asia,Inspur,Industry,CentOS,48000,256000,748.2,1766.4,960
236,Internet Service (B),,China,Asia,Inspur,Industry,CentOS,48000,256000,748.2,1766.4,960
237,Service Provider T,,China,Asia,Inspur,Industry,CentOS,48000,256000,748.2,1766.4,960
238,Software Company (M),,US,North America,HPE,Industry,Linux,32832,NULL,746.1,1260.7,1094.4
239,Center for Computational Sciences- University of Tsukuba,Tsukuba,Japan,Asia,Cray Inc.,Academic,Linux,55664,25088,746,998.5,365.8
240,Service Provider,, South Korea,Asia,HPE,Industry,Linux,32200,NULL,744,1236.5,920
241,Government,Gansu,China,Asia,Sugon,Government,CentOS,39200,NULL,742.4,1505.3,588
242,Internet Company,Hangzhou,China,Asia,Sugon,Industry,CentOS,43200,230400,741.8,1520.6,900
243,National Institute for Materials Science,,Japan,Asia,HPE,Research,SUSE Linux Enterprise Server,25056,133632,741.7,1002.2,405
244,Internet Service (B),,China,Asia,Lenovo,Industry,Linux,38400,153600,740.4,1536,900
245,University of Florida,Gainesville,US,North America,Dell,Academic,RHEL,29184,116736,738.1,1074,384
246,LASG/Institute of Atmospheric Physics,Beijing,China,Asia,Sugon,Academic,Linux,24912,132864,738,996.5,540
247,Government,Wuhan,China,Asia,Sugon,Government,CentOS,35840,163840,734.7,1490.9,576
248,Government,Beijing,China,Asia,Sugon,Government,CentOS,14400,25600,731.2,1236.2,400
249,Intel,Rio Rancho,US,North America,Intel,Industry,Linux,30056,49504,730.6,1346.5,194.48
250,Internet Service A,Hangzhou,China,Asia,Inspur,Industry,CentOS,15640,21760,730.1,1085.6,225
251,Internet Company,Beijing,China,Asia,Sugon,Industry,CentOS,40000,256000,725,1472,990
252,Internet Company A,,China,Asia,Lenovo,Industry,Linux,36864,73728,721.1,1474.6,864
253,Internet Company A,,China,Asia,Lenovo,Industry,Linux,36864,73728,721.1,1474.6,864
254,Internet Company A,,China,Asia,Lenovo,Industry,Linux,36864,73728,721.1,1474.6,864
255,Internet Company A,,China,Asia,Lenovo,Industry,Linux,36864,73728,721.1,1474.6,864
256,Internet Company A,,China,Asia,Lenovo,Industry,Linux,36864,73728,721.1,1474.6,864
257,Internet Company A,,China,Asia,Lenovo,Industry,Linux,36864,73728,721.1,1474.6,864
258,Internet Company A,,China,Asia,Lenovo,Industry,Linux,36864,73728,721.1,1474.6,864
259,Internet Company A,,China,Asia,Lenovo,Industry,Linux,36864,73728,721.1,1474.6,864
260,Indian Institute of Tropical Meteorology,Pune,India,Asia,IBM,Research,Linux,38016,NULL,719.2,790.7,789.66
261,DOE/SC/Argonne National Laboratory,Argonne,US,North America,IBM,Research,Linux,65536,65536,715.6,838.9,328.75
262,EDF R&D,Paris,France,Europe,IBM,Industry,Linux,65536,NULL,715.6,838.9,328.75
263,SOSCIP/LKSAVI/University of Toronto,Toronto,Canada,North America,IBM,Academic,Linux,65536,65536,715.6,838.9,328.75
264,Swiss National Supercomputing Centre (CSCS),Lugano,Switzerland,Europe,IBM,Research,Linux,65536,NULL,715.6,838.9,328.75
265,Victorian Life Sciences Computation Initiative,,Australia,Oceania,IBM,Research,Linux,65536,NULL,715.6,838.9,328.75
266,Intel,Rio Rancho,US,North America,Intel,Industry,Linux,14080,67584,715.1,1081.3,223.52
267,Volvo Personvagnar AB,,Sweden,Europe,HPE,Industry,Linux,20360,NULL,712.4,847,1221.6
268,Web Company (F),,US,North America,HPE,Industry,Linux,31360,NULL,710.1,1204.2,896
269,Max-Planck-Gesellschaft MPI/IPP,Garching,Germany,Europe,Lenovo/IBM,Research,Linux,15840,NULL,709.7,1013.1,269.94
270,Manufacturing Company C,,Germany,Europe,Huawei,Industry,Linux,24136,110336,709.1,926.8,296
271,Ohio Supercomputer Center,Columbus,US,North America,Dell,Academic,RHEL,22372,102272,706,859.1,323.5
272,National Centers for Environment Prediction,Suitland,US,North America,IBM,Research,Linux,37312,74624,705.9,776.1,775.04
273,National Centers for Environment Prediction,Suitland,US,North America,IBM,Research,Linux,37312,74624,705.9,776.1,775.04
274,Wroclaw Centre for Networking and Supercomputing,Wroclaw,Poland,Europe,ACTION,Academic,Scientific Linux,22656,70656,695.6,859.5,353
275,Software Company (M),,US,North America,HPE,Industry,Linux,30600,NULL,695.4,1175,1020
276,DOE/NNSA/Naval Nuclear Laboratory,West Mifflin,US,North America,Atipa,Government,RHEL,23168,92672,692.1,778.4,285
277,DOE/NNSA/Naval Nuclear Laboratory,West Mifflin,US,North America,Atipa,Government,RHEL,23168,92672,692.1,778.4,285
278,Internet Service (B),,China,Asia,Lenovo,Industry,Linux,60000,320000,687.5,2304,3750
279,US Air Force,San Antonio,US,North America,HPE,Classified,Linux,22560,60160,686.5,902.4,1128
280,Centre Informatique National (CINES),Montpellier,France,Europe,Bull,Academic,bullx SCS,19488,80640,686,810.7,580
281,CINECA,Bologna,Italy,Europe,IBM/Lenovo,Academic,Linux,50232,46592,684.3,1103.1,2825.55
282,IT Service Provider,Hangzhou,China,Asia,Sugon,Industry,CentOS,36000,384000,681.8,1382.4,1755
283,Energy Company,,US,North America,HPE,Industry,Linux,22368,NULL,680.6,894.7,1234.9
284,Nanjing University,Nanjing,China,Asia,Lenovo,Academic,Linux,21504,57344,679.9,894.6,672
285,Public Cloud Service B,Langfang,China,Asia,Huawei,Industry,Linux,34992,746496,679.6,1399.7,552
286,Government,Wuxi,China,Asia,Sugon,Government,CentOS,23520,125440,672.6,940.8,411
287,Software Company (M),,US,North America,HPE,Industry,Linux,24360,NULL,671.4,935.4,812
288,Government,Beijing,China,Asia,Lenovo,Government,Linux,36400,166400,670.9,1397.8,1170
289,IT Services Provider ,,US,North America,HPE,Industry,Linux,26740,NULL,666.3,1112.4,1069.6
290,Software Company (M),,US,North America,HPE,Industry,Linux,24120,NULL,664.8,926.2,804
291,Software Company (M),,Netherlands,Europe,HPE,Industry,Linux,26400,NULL,663.1,1013.8,880
292,Software Company (M),,US,North America,HPE,Industry,Linux,26400,NULL,663.1,1013.8,880
293,Software Company (M),,US,North America,HPE,Industry,Linux,24048,NULL,662.8,923.4,801.6
294,Government,,China,Asia,Lenovo,Government,Linux,72000,192000,662.4,1324.8,2250
295,Internet Company,Beijing,China,Asia,Sugon,Industry,Linux,52800,211200,658.7,1056,990
296,Service Provider T,,China,Asia,Lenovo,Industry,Linux,38400,204800,658.5,1413.1,1200
297,St. Petersburg Polytechnic University,Saint-Petersburg,Russia,Asia,RSC Group,Academic,CentOS,19936,45568,658.1,829.3,320
298,Automative Company,,US,North America,HPE,Industry,Linux,21600,NULL,657.3,864,1192.5
299,E4 Computer Engineering,Scandiano,Italy,Europe,E4 Computer Engineering S.p.A.,Industry,CentOS,10800,11520,654.2,991.5,84.77
300,Internet Company,Beijing,China,Asia,Sugon,Industry,CentOS,36000,230400,651.6,1324.8,850
301,Network Company,,China,Asia,Lenovo,Industry,Linux,36000,115200,651.1,1382.4,1350
302,Service Provider T,,China,Asia,HPE,Industry,Linux,28296,NULL,643.8,1041.3,943.2
303,Internet Service (B),,China,Asia,Lenovo,Industry,Linux,34720,119040,641.3,1333.2,930
304,Hardware and Services Company (I),,US,North America,HPE,Industry,Linux,27608,NULL,637.9,1060.1,788.8
305,Center for Advanced Intelligence Project,,Japan,Asia,Fujitsu,Research,Ubuntu Linux,11712,12288,635.1,947.7,59.9
306,China Electric Power Research Institute,Beijing,China,Asia,Sugon,Research,CentOS,21000,96000,635.1,806.4,325
307,IT Provider (P),,US,North America,HPE,Industry,Linux,19776,26368,628.1,791,1091.8
308,Hosting Services,,US,North America,HPE,Industry,Linux,51200,204800,625,1065,3840
309,Manufacturing Company A,,Germany,Europe,Huawei,Industry,Linux,19968,112640,623.1,799,327.2
310,University of Southern California,Los Angeles,US,North America,HPE,Academic,Linux,13440,16640,621.5,890.8,237
311,Software Company (M),,US,North America,HPE,Industry,Linux,27288,NULL,620.1,1047.9,909.6
312,Manufacturing Company,,Sweden,Europe,HPE,Industry,Linux,23688,NULL,620.1,985.4,1184.4
313,Internet Company A,,China,Asia,Lenovo,Industry,Linux,30016,274432,615.6,1248.7,804
314,Government Insttitution,,China,Asia,Huawei,Classified,Linux,19600,89600,614.7,815.4,264
315,Internet Service (B),,China,Asia,Inspur,Industry,CentOS,10800,9600,614.1,888.2,165
316,Software Company (M),,US,North America,HPE,Industry,Linux,27000,NULL,613.6,1036.8,900
317,Public Cloud Service A,Dongguan,China,Asia,Huawei,Industry,Linux,25000,640000,613.2,920,471
318,SGI,Chippewa Falls,US,North America,HPE,Vendor,SUSE Linux Enterprise Server,16100,73600,609.8,669.8,251.2
319,Software Company (M),,US,North America,HPE,Industry,Linux,26640,NULL,605.4,1023,888
320,Software Company (M),,US,North America,HPE,Industry,Linux,26640,NULL,605.4,1023,888
321,Internet Company A,,China,Asia,Inspur,Industry,CentOS,10720,17152,604.4,865.1,162
322,Internet Company A,,China,Asia,Inspur,Industry,CentOS,10720,17152,604.4,865.1,162
323,Software Company (M),,US,North America,HPE,Industry,Linux,26592,NULL,604.3,1021.1,886.4
324,Rutgers Discovery Informatics Institute,Piscataway,US,North America,Supermicro,Academic,Linux,20160,143360,603,677.4,896
325,Software Company (M),,US,North America,HPE,Industry,Linux,26400,NULL,599.9,1013.8,880
326,Indiana University,Bloomington,US,North America,Cray Inc.,Academic,Cray Linux Environment,31288,NULL,597.4,1000.6,458.12
327,Internet Company A,,China,Asia,Lenovo,Industry,Linux,34320,137280,597.4,1263,1072.5
328,Internet Service (B),,China,Asia,Inspur,Industry,CentOS,10224,9088,596.3,877.7,166
329,Vienna Scientific Cluster,Vienna,Austria,Europe,ClusterVision,Academic,Scientific Linux,32768,131072,596,681.6,450
330, Internet Company (Y),Beijing,China,Asia,Lenovo,Industry,Linux,35840,114688,594.2,1261.6,1344
331,Internet Company,Beijing,China,Asia,Sugon,Industry,CentOS,13280,10240,591.4,999.6,280
332,Software Company (M),,US,North America,HPE,Industry,Linux,23496,NULL,590.2,902.2,783.2
333,Software Company (M),,US,North America,HPE,Industry,Linux,23496,NULL,590.2,902.2,783.2
334,Service Provider T,,China,Asia,Lenovo,Industry,Linux,33600,89600,588.6,1236.5,1050
335,Service Provider T,,China,Asia,Lenovo,Industry,Linux,33600,179200,588.6,1236.5,1050
336,Web Company (F),,US,North America,HPE,Industry,Linux,17280,NULL,586.1,691.2,576
337,Japan Adv. Inst. of Science and Technology (JAIST),Hokuriku,Japan,Asia,Cray Inc.,Academic,Cray Linux Environment,19728,70144,584.8,662.9,295.92
338,Central Research Institute of Electric Power Industry/CRIEPI,Chiyoda-ku,Japan,Asia,HPE,Research,SUSE Linux Enterprise Server,32256,64512,582.1,670.9,720
339,Internet Service (B),,China,Asia,Inspur,Industry,CentOS,9792,8704,581.1,829.7,159
340,Service Provider,,China,Asia,Lenovo,Industry,Linux,40800,217600,579.7,1566.7,2550
341,ONERA,Chatillon,France,Europe,NEC,Research,CentOS,17360,79360,579.2,666.6,297.6
342,IT Service Provider (L),Beijing,China,Asia,Sugon,Industry,CentOS,31200,83200,579,1198.1,780
343,Internet Service (B),,China,Asia,Lenovo,Industry,Linux,31460,100672,578.9,1157.7,1179.75
344,Software Company (M),,UK,Europe,HPE,Industry,Linux,25440,NULL,578.1,976.9,848
345,Hosting Company (M),,Austria,Europe,HPE,Industry,Linux,26880,NULL,572.6,989.2,537.6
346,Software Company,,Finland,Europe,HPE,Industry,Linux,26880,NULL,572.6,989.2,537.6
347,Software Company (M),,US,North America,HPE,Industry,Linux,26880,NULL,572.6,989.2,537.6
348,Software Company (M),,US,North America,HPE,Industry,Linux,26880,NULL,572.6,989.2,537.6
349,Internet Company B,Hangzhou,China,Asia,Sugon,Industry,CentOS,54000,216000,570.6,907.2,900
350,Service Provider T,,China,Asia,Lenovo,Industry,Linux,28560,76160,567.1,1051,892.5
351,NOAA/Oak Ridge National Laboratory,Oak Ridge,US,North America,Cray Inc.,Research,Cray Linux Environment,77824,NULL,565.7,716,972
352,Internet Company A,,China,Asia,Lenovo,Industry,Linux,23552,47104,565.2,942.1,552
353,China Telecom,,China,Asia,Lenovo,Industry,Linux,81000,259200,563.5,1425.6,3645
354,Government,Beijing,China,Asia,Sugon,Government,Linux,43200,172800,561.2,898.6,720
355,Indian Lattice Gauge Theory Initiative (ILGTI),,India,Asia,Cray Inc.,Research,Cray Linux Environment,11424,NULL,558.8,730.7,319.87
356,Universitaet Aachen/RWTH - IT Center,Aachen,Germany,Europe,NEC,Academic,CentOS,18816,100352,558.4,662.3,285
357,Universitaet Mainz,Mainz,Germany,Europe,MEGWARE,Academic,CentOS,16500,81920,557.6,580.8,241.9
358,Internet Company A,,China,Asia,Lenovo,Industry,Linux,26800,107200,557.4,1114.9,1256.25
359,Internet Company A,,China,Asia,Huawei,Industry,CentOS,49440,395520,557.3,1028.4,882
360,Louisiana State University,Baton Rouge,US,North America,Dell,Academic,RHEL,45866,23680,557,925.1,370
361,Internet Service (B),,China,Asia,Inspur,Industry,CentOS,36000,230400,555.4,1152,380
362,Meteorological Service ,,China,Asia,Huawei,Government,Linux,20000,128000,555.3,736,375
363,Internet Company M,Inner Mongolia,China,Asia,Sugon,Industry,Linux,44800,179200,555.2,896,540
364,Trading Company,,China,Asia,Sugon,Industry,CentOS,13440,14336,551.1,912.3,168
365,China Unicom,,China,Asia,Lenovo,Industry,Linux,78000,249600,550.1,1372.8,3510
366,WETA Digital,Wellington,New Zealand,Oceania,HPE,Industry,Linux,21600,NULL,549.1,864,1192.5
367,NASA/Goddard Space Flight Center,Greenbelt,US,North America,HPE,Research,SUSE Linux Enterprise Server,17136,78336,548.7,712.9,1224
368,NASA/Goddard Space Flight Center,Greenbelt,US,North America,HPE,Research,SUSE Linux Enterprise Server,17136,78336,548.7,712.9,1224
369,Flemish Supercomputer Center,Leuven,Belgium,Europe,NEC,Academic,CentOS,16128,92672,548,619.3,255
370,Hosting Services,,US,North America,HPE,Industry,Linux,44832,179328,547.3,932.5,3362.4
371,Service Provider,,US,North America,HPE,Industry,Linux,42848,NULL,545.5,891.2,2410.2
372,China Unicom,,China,Asia,Lenovo,Industry,Linux,24576,98304,545,865.1,576
373,Dell HPC Innovation lab,Austin,US,North America,Dell,Vendor,RHEL,19920,49152,538.7,769.9,288
374,High Energy Accelerator Research Organization /KEK,Tsukuba,Japan,Asia,IBM,Research,Linux,49152,NULL,536.7,629.1,246.56
375,High Energy Accelerator Research Organization /KEK,Tsukuba,Japan,Asia,IBM,Research,Linux,49152,NULL,536.7,629.1,246.56
376,China Mobile,,China,Asia,Lenovo,Industry,Linux,75000,240000,536.6,1320,3375
377,China Mobile,,China,Asia,Lenovo,Industry,Linux,75000,240000,536.6,1320,3375
378,China Mobile,,China,Asia,Lenovo,Industry,Linux,75000,240000,536.6,1320,3375
379,Michigan State University,East Lansing,US,North America,Lenovo,Academic,Linux,15296,47104,535.9,754.7,198.86
380,Sandia National Laboratories,Albuquerque,US,North America,Cray Inc.,Research,Linux,29584,NULL,532.9,615.3,675
381,King Abdulaziz City for Science and Technology,Riyadh,Saudi Arabia,Asia,Adtech,Research,Linux,38400,38400,532.6,1098,179.15
382,Internet Company A,,China,Asia,Lenovo,Industry,Linux,25600,102400,532.5,1065,1200
383,Core International,,China,Asia,Lenovo,Industry,Linux,18848,75392,530.8,965,883.5
384,Hosting Company (M),,Austria,Europe,HPE,Industry,Linux,20352,NULL,527.2,781.5,678.4
385,Software Company (M),,US,North America,HPE,Industry,Linux,20064,NULL,527.2,770.5,668.8
386,Software Company (M),,US,North America,HPE,Industry,Linux,20064,NULL,527.2,770.5,668.8
387,Internet Company,Beijing,China,Asia,Sugon,Industry,Linux,42240,168960,526.9,844.8,500
388,Universitaet Freiburg,Freiburg,Germany,Europe,DALCO,Academic,Linux,15120,96256,525.7,532.2,257.04
389,Internet Company,Beijing,China,Asia,Sugon,Industry,CentOS,50400,201600,525.7,846.7,756
390,Software Company (M),,US,North America,HPE,Industry,Linux,19968,NULL,524.6,766.8,665.6
391,Indian Institute of Technology Delhi,Delhi,India,Asia,HPE,Academic,Linux,22572,NULL,524.4,1170.1,498.46
392,Cloud Provider,,Canada,North America,HPE,Industry,Linux,23040,NULL,523.6,884.7,768
393,Software Company,, South Korea,Asia,HPE,Industry,Linux,23040,NULL,523.6,884.7,768
394,University College London (UCL),London,UK,Europe,Lenovo,Academic,Linux,17280,92160,523.4,608.3,648
395,Government,Shanghai,China,Asia,Sugon,Government,CentOS,17280,18432,522.8,1165.6,320
396,China Mobile,,China,Asia,Lenovo,Industry,Linux,28300,181120,520.7,1041.4,1061.25
397,University of Bristol,Bristol,UK,Europe,Lenovo,Academic,Linux,16072,71680,518.1,617.2,516.6
398,Airbus,,France,Europe,HPE,Industry,Linux,34560,NULL,516.9,746.5,1363.2
399,Service Provider T,,China,Asia,Lenovo,Industry,Linux,28800,153600,515.8,1059.8,900
400,Government,Beijing,China,Asia,Sugon,Government,Linux,39600,158400,515.8,823.7,600
401,Navy DSRC,,US,North America,Cray Inc.,Government,Cray Linux Environment,38608,NULL,514.9,761,1081.02
402,Software Company,,Finland,Europe,HPE,Industry,Linux,19488,NULL,512,748.3,649.6
403,Manufacturing Company C,,Germany,Europe,Huawei,Industry,Linux,17280,82944,509.1,671.8,552.4
404,University of Cambridge,Cambridge,UK,Europe,Dell,Academic,Scientific Linux,21888,32832,508.9,910.5,95.48
405,Internet Service (S),,China,Asia,Lenovo,Industry,Linux,28800,115200,508.7,1105.9,1350
406,EDF R&D,Paris,France,Europe,IBM,Industry,Linux,16100,NULL,506.4,669.8,373.75
407,Software Company (M),,US,North America,HPE,Industry,Linux,18360,NULL,506,705,612
408,Software Company (M),,US,North America,HPE,Industry,Linux,18360,NULL,506,705,612
409,China Telecom,,China,Asia,Lenovo,Industry,Linux,19456,NULL,505.9,778.2,456
410,Maryland Advanced Research Computing Center,Baltimore,US,North America,Dell,Academic,CentOS,19872,92672,505.1,874.6,750
411,Data Processing Company,,Germany,Europe,HPE,Industry,Linux,18816,NULL,504.1,782.7,806.4
412,Government,Wuxi,China,Asia,Sugon,Government,Linux,10200,9600,501.7,804.2,180
413,Service Provider T,,China,Asia,Lenovo,Industry,Linux,33600,179200,500.6,1290.2,2100
414,Energy Company (D),Houston,US,North America,HPE,Industry,Linux,50400,NULL,499.2,1129,3780
415,HPC Midlands Plus,loughborough,UK,Europe,ClusterVision,Academic,CentOS,14336,65536,499.1,550.5,384
416,Government,,China,Asia,Lenovo,Government,Linux,54000,69120,498.4,660.8,2430
417,Government,,China,Asia,Lenovo,Government,Linux,54000,69120,498.4,660.8,2025
418,Government,,China,Asia,Lenovo,Government,Linux,54000,69120,498.4,660.8,2430
419,China Manufacturing Company (A),,China,Asia,Huawei,Industry,Linux,15936,122880,497.8,695.6,243.26
420,Internet Company,Beijing,China,Asia,Sugon,Industry,CentOS,47040,188160,497.3,790.3,730
421,Institute of Process Engineering,Beijing,China,Asia,IPE/Nvidia/Tyan,Academic,Linux,29440,15360,496.5,1012.6,540
422,Government,Beijing,China,Asia,Lenovo,Government,Linux,23040,184320,494.7,884.7,1080
423,Service Provider T,,China,Asia,Lenovo,Industry,Linux,22800,60800,494,839,712.5
424,Service Provider,,China,Asia,Lenovo,Industry,Linux,28000,64000,492.8,985.6,750
425,University of Oxford,Oxford,UK,Europe,Bull,Academic,Ubuntu Linux,10736,11264,492.2,868.7,58.36
426,Software Company,, South Korea,Asia,HPE,Industry,Linux,21648,NULL,491.9,831.3,721.6
427,Energy Company,,US,North America,HPE,Industry,Linux,14496,NULL,491.1,579.8,800.3
428,IT Provider (P),,US,North America,HPE,Industry,Linux,26688,NULL,489.4,576.5,2001.6
429,University of Duisburg-Essen,,Germany,Europe,NEC,Academic,Linux,15000,36096,489.3,528,212.6
430,Government,,China,Asia,Lenovo,Government,Linux,23520,94080,488.9,978.4,1102.5
431,Internet Company,Beijing,China,Asia,Inspur,Industry,CentOS,30720,122880,486.9,1130.5,260
432,Software Company (M),,US,North America,HPE,Industry,Linux,19320,NULL,485.3,741.9,644
433,Software Company (M),,US,North America,HPE,Industry,Linux,19320,NULL,485.3,741.9,644
434,Software Company (M),,US,North America,HPE,Industry,Linux,19320,NULL,485.3,741.9,644
435,Software Company (M),,US,North America,HPE,Industry,Linux,19320,NULL,485.3,741.9,644
436,Saudi Aramco,Dharan,Saudi Arabia,Asia,Lenovo,Industry,Linux,41832,95616,484.5,1606.3,1344.6
437,Amazon Web Services,,US,North America,Amazon,Industry,Linux,26496,105984,484.2,593.5,609.41
438,Hosting Company,,US,North America,HPE,Industry,Linux,20720,NULL,483.9,795.6,1036
439,IT Services Provider ,,US,North America,HPE,Industry,Linux,17920,NULL,482.1,745.5,448
440,Vestas Wind Systems A/S,,Denmark,Europe,Lenovo,Industry,Linux,16848,41600,481.8,522.5,541.54
441,Universitaet Erlangen - Regionales Rechenzentrum Erlangen,Erlangen,Germany,Europe,MEGWARE,Academic,CentOS,14520,46592,481.3,511.1,210
442,Government (I),Beijing,China,Asia,Huawei,Classified,Linux,15360,81920,480.5,639,240
443,IT Service Provider,Phoenix,US,North America,HPE,Industry,Linux,33280,NULL,478,745.5,2496
444,Software Company (M),,US,North America,HPE,Industry,Linux,19008,NULL,477.4,729.9,633.6
445,Software Company (M),,US,North America,HPE,Industry,Linux,19008,NULL,477.4,729.9,633.6
446,Navy DSRC,,US,North America,Cray Inc.,Government,Cray Linux Environment,41196,NULL,477,820.8,1153.49
447,University of Minnesota/Supercomputing Institute,Minneapolis,US,North America,HPE,Academic,Linux,15360,NULL,474.1,614.4,339.2
448,Electricity Company,Changsha,China,Asia,Sugon,Industry,Linux,252000,504000,474,2620.8,870
449,Internet Service (B),,China,Asia,Inspur,Industry,CentOS,30000,192000,473.6,960,316
450,Web Company (F),,US,North America,HPE,Industry,Linux,13920,NULL,472.2,556.8,464
451,Government,Beijing,China,Asia,Sugon,Government,Linux,36000,144000,469.4,748.8,540
452,Service Provider  (S),,China,Asia,Lenovo,Industry,Linux,30000,160000,468.8,1152,1875
453,Telecommunications Company,Beijing,China,Asia,Sugon,Industry,CentOS,153000,612000,468.2,2570.4,1750
454,DGIST Supercomputing & Big Data Center,Daegu, South Korea,Asia,HPE,Academic,Linux,14400,18432,467.4,983,576
455,Internet Company,Beijing,China,Asia,Inspur,Industry,CentOS,28800,115200,466.1,1059.8,244
456,Software Company (M),,US,North America,HPE,Industry,Linux,20472,NULL,465.2,786.1,682.4
457,Mississippi State University,Starkville,US,North America,Cray Inc.,Academic,Linux,33600,15360,463.1,592.7,193.4
458,University of Southern Denmark,Odense,Denmark,Europe,Lenovo,Academic,Linux,17928,42048,462.4,836.6,187.45
459,Geoscience (P),,US,North America,HPE,Industry,Linux,40320,NULL,461.8,1141.5,4032
460,Hosting Company,,US,North America,HPE,Industry,Linux,23232,NULL,461.4,929.3,774.4
461,Government,Jinan,China,Asia,Sugon,Government,CentOS,15500,16000,461.4,1027,280
462,Service Provider T,,China,Asia,Lenovo,Industry,Linux,54000,288000,461.3,2073.6,3375
463,Service Provider T,,China,Asia,Lenovo,Industry,Linux,54000,288000,461.3,2073.6,3375
464,Software Company (M),,US,North America,HPE,Industry,Linux,18360,NULL,461.2,705,612
465,Yahoo Japan Corporation,Tokyo,Japan,Asia,ExaScalar,Industry,CentOS,10080,12800,460.7,792.1,32.8
466,Maui High-Performance Computing Center (MHPCC),Kihei,US,North America,IBM,Research,RHEL,4736,8192,460.2,694.9,69
467,Information Technology Center- The University of Tokyo,Tokyo,Japan,Asia,HPE,Academic,RHEL,15120,107520,459.8,508,199.05
468,Cloud Provider,,Australia,Oceania,HPE,Industry,Linux,20160,NULL,458.1,774.1,672
469,Energy Company (D),Houston,US,North America,HPE,Industry,Linux,32256,NULL,457.6,670.9,2419.2
470,Carl von Ossietzky University of Oldenburg,Oldenburg,Germany,Europe,Lenovo,Academic,Linux,12960,81152,457.2,601.3,486
471,Laboratório Nacional de Computação Científica,Petrópolis,Brazil,South America,Bull,Academic,bullx SCS,10692,12672,456.8,657.5,371.25
472,Internet Company,Beijing,China,Asia,Sugon,Industry,CentOS,43200,172800,456.5,725.8,670
473,Internet Company,Beijing,China,Asia,Sugon,Industry,CentOS,43200,172800,456.5,725.8,670
474,Manufacturing Company B,,Germany,Europe,Huawei,Industry,Linux,17280,92160,456,608.3,204.7
475,Internet Service (B),,China,Asia,Inspur,Industry,CentOS,7992,7104,455.2,686.1,128
476,Internet Company B,Hangzhou,China,Asia,Sugon,Industry,CentOS,120000,480000,454.8,2400,1500
477,Internet Company W,Wuhan,China,Asia,Sugon,Industry,CentOS,120000,480000,454.8,2400,1500
478,Exploration & Production - Eni S.p.A.,,Italy,Europe,IBM,Industry,Linux,24000,NULL,454.1,499.2,498.53
479,IT Service Provider (L),Beijing,China,Asia,Sugon,Industry,CentOS,24000,64000,450.8,921.6,600
480,Cloud Provider,,Brazil,South America,HPE,Industry,Linux,17136,NULL,450.2,658,571.2
481,Semiconductor Company,,China,Asia,Huawei,Industry,Linux,13440,107520,449.8,688.1,315
482,Collaborative Research Center SFB/TRR55,Regensburg / Wuppertal / Juelich,Germany,Europe,Fujitsu,Research,Linux,18432,18432,449.5,766.8,77.35
483,IT Provider (P),,US,North America,HPE,Industry,Linux,14448,19264,445.9,577.9,797.65
484,Financial Institution (B),,China,Asia,Lenovo,Industry,Linux,17840,114176,445.3,742.1,669
485,Software Company (M),,US,North America,HPE,Industry,Linux,16128,NULL,444.5,619.3,537.6
486,China Telecom,,China,Asia,Lenovo,Industry,Linux,21120,135168,443,675.8,792
487,Electricity Company,Beijing,China,Asia,Sugon,Industry,Linux,40320,80640,442.5,709.6,300
488,Saudi Aramco,Dharan,Saudi Arabia,Asia,IBM/Lenovo,Industry,Linux,24336,97344,441.8,506.2,505.5
489,Interdisciplinary Centre for Mathematical and Computational Modelling,,Poland,Europe,Huawei,Academic,Linux,14540,60800,439.1,591.2,394.9
490,HPC2N - Umea University,Umea,Sweden,Europe,Lenovo,Academic,Linux,17632,67392,438.8,749.6,566.74
491,Internet Company A,,China,Asia,Lenovo,Industry,Linux,18240,48640,437.8,729.6,570
492,Internet Service (S),,China,Asia,Lenovo,Industry,Linux,20592,82368,434.9,790.7,965.25
493,China Meteorological Administration,Beijing,China,Asia,IBM,Research,Other,17920,NULL,434.8,508.9,544
494,China Meteorological Administration,Beijing,China,Asia,IBM,Research,Other,17920,NULL,434.8,508.9,544
495,Software Company (M),,US,North America,HPE,Industry,Linux,16512,NULL,433.8,634.1,550.4
496,Software Company (M),,US,North America,HPE,Industry,Linux,16512,NULL,433.8,634.1,550.4
497,Sandia National Laboratories / National Renewable Energy Laboratory,Albuquerque,US,North America,Sun,Research,CentOS,42440,22104,433.5,497.4,4343.73
498,Electricity Company,Beijing,China,Asia,Sugon,Industry,Linux,43200,172800,433.3,691.2,530
499,Internet Company,Beijing,China,Asia,Sugon,Industry,CentOS,110000,440000,432.2,2200,1200
500,Bull,Angers,France,Europe,Bull,Vendor,RHEL,12960,34560,430.5,539.1,205
